iteration,Instance,Ping,Download,Upload
1,r5-large,17.839,988729675.901645,1085093631.2424629
2,r5-large,17.644,1950740195.8244386,1386267244.7457643
3,r5-large,18.038,1972616180.3674748,1397730779.9105427
4,r5-large,17.65,2139730911.0240157,1398073821.7585409
5,r5-large,17.674,883512929.3463494,378234656.69117486
