Instance,Ping,Download,Upload
c5-2xlarge,23.457,534704764.84617263,1383343491.4961944
c5-2xlarge,19.354,640240264.7229247,1370858347.6111357
c5-2xlarge,17.649,646040499.3355318,1401764016.598167
c5-2xlarge,17.63,2241485005.554696,1390116204.424028
c5-2xlarge,17.868,1736580588.0779986,574001558.4692103
