Instance,Ping,Download,Upload
h1-2xlarge,39.669,906652368.9069128,858851352.1552175
h1-2xlarge,36.393,1472178318.3414972,1110267849.6204364
h1-2xlarge,25.523,1460864185.6389232,1050582735.7146413
h1-2xlarge,33.248,1676623752.9213278,1065847600.2781619
h1-2xlarge,33.664,775905386.9964672,1015109582.7646028
