Instance,Ping,Download,Upload
a1.large,18.468,827363471.4098705,714354878.2803799
