iteration,Instance,Ping,Download,Upload
1,c5-xlarge,18.347,1755313551.3845177,1286146133.7431762
2,c5-xlarge,18.546,818401839.2012036,1280627142.6540534
3,c5-xlarge,19.127,1604592476.961748,1286666132.8168721
4,c5-xlarge,25.157,2137330053.2413158,1263242955.9011939
5,c5-xlarge,18.577,1877924670.5283887,1316639454.6668637
