Instance,Ping,Download,Upload
a1-large,17.96,1070102774.44156,755486521.9654691
a1-large,17.771,1073156565.8279265,747993982.6611258
a1-large,18.064,1052890557.0957965,733022919.5091596
a1-large,18.238,936645462.795679,843873906.8190624
a1-large,20.988,946983604.5357636,761751760.0883323
